Solution Type,lambda,f1,f2,f3,Index in Pareto Front
L-Curve Solution,1.2841498433179461e-05,0.00048438154327659286,0.013026664722659296,0.006669345897020661,N/A
Best Solution,1.3580489890243066e-06,0.00018242187146526643,0.015430327850474261,0.02067489791085516,21
Pareto Front Solution 0,6.590870179126192e-13,4.651631548560395e-12,0.9997285609472579,0.9998414844414631,0
Pareto Front Solution 1,123.54680172177837,1.0,0.0,0.0,1
Pareto Front Solution 2,161.03812000042547,1.0,0.0,0.0,2
Pareto Front Solution 3,5.234315129484454e-05,0.0,1.0,0.3869557878953174,3
Pareto Front Solution 4,0.02590239949506082,0.7593903073439324,0.00013549711484749495,0.007057014887963047,4
Pareto Front Solution 5,0.01433918083452252,0.6342593420284404,0.0003466101378009826,0.010325437310066134,5
Pareto Front Solution 6,0.1754368379824833,0.9558200977982895,3.935323845900125e-06,0.001317136721024656,6
Pareto Front Solution 7,1.62848761493199e-10,4.0433323210774264e-07,0.8378189261490632,0.9019556876123969,7
Pareto Front Solution 8,1.1674993689689002e-10,2.1887454778541668e-07,0.8774630184411257,0.9260137250313876,8
Pareto Front Solution 9,0.005275854313739045,0.3841262240802869,0.0013140480095914196,0.014263779492419325,9
Pareto Front Solution 10,0.004901851736013324,0.3662386783197958,0.0014177865462341424,0.014196753239857219,10
Pareto Front Solution 11,0.011430038195568478,0.5793484087277458,0.00048132517902812734,0.011563381582762561,11
Pareto Front Solution 12,1.7940239321838858e-09,1.3618373981604706e-05,0.2615476554896792,0.46070157683177126,12
Pareto Front Solution 13,1.4784378821391387e-09,1.1207116830491522e-05,0.30690638991695296,0.5079493546985068,13
Pareto Front Solution 14,0.26069251247038977,0.9698907812434993,1.822040777742771e-06,0.0009000886551164939,14
Pareto Front Solution 15,0.027825705159094077,0.7723516400792635,0.00011971330584076581,0.006682551812316464,15
Pareto Front Solution 16,1.5964732187800425e-10,3.889566486393997e-07,0.8456502102116569,0.9067950763273366,16
Pareto Front Solution 17,2.331282665367557e-10,7.682751211195044e-07,0.7769964787392899,0.8645659397550332,17
Pareto Front Solution 18,4.4760484762466604e-09,2.686241661527349e-05,0.10730131424754182,0.2697810929869229,18
Pareto Front Solution 19,1.4321971904770624e-10,3.197304029818827e-07,0.8528859474838303,0.9109136901274054,19
Pareto Front Solution 20,1.1160134161349704e-10,2.0096855021390386e-07,0.885481265942413,0.9309881989998162,20
Pareto Front Solution 21,1.3580489890243066e-06,0.00018242187146526643,0.015430327850474261,0.02067489791085516,21
Pareto Front Solution 22,0.012427664248354457,0.5999174427956273,0.00042975361728778415,0.011155155384333424,22
Pareto Front Solution 23,0.01013303408550309,0.5492087235692649,0.0005724552216200508,0.012218122288190346,23
Pareto Front Solution 24,4.718547720550031e-09,2.7629245935768355e-05,0.10214591388953435,0.26186301683199303,24
Pareto Front Solution 25,5.1021629982133435e-12,4.747434085444925e-10,0.9944158949075841,0.9967345316983325,25
Pareto Front Solution 26,1.3995850851575569e-10,3.0616830611911945e-07,0.8594815823822838,0.9149389215502879,26
Pareto Front Solution 27,4.968983258953619e-11,4.283349775384511e-08,0.9449430056791779,0.967377485261977,27
Pareto Front Solution 28,3.5407022165553614e-09,2.3390581227574484e-05,0.13481061737700606,0.3077696347049502,28
Pareto Front Solution 29,0.01193822072140087,0.5900785123789092,0.0004562459788045794,0.011387525982857924,29
Pareto Front Solution 30,0.006325842562805534,0.42930423075686086,0.00105773995756378,0.014012297543558065,30
Pareto Front Solution 31,0.1189559563452928,0.9360735431061071,8.418874855273933e-06,0.0019149495171688164,31
Pareto Front Solution 32,0.006000003398488889,0.4160146171732111,0.0011266331066560387,0.014107330586503259,32
Pareto Front Solution 33,0.08878245443753843,0.9160601291575902,1.4756506115712881e-05,0.0025165863761358142,33
Pareto Front Solution 34,3.9227479503243786e-09,2.49181397776382e-05,0.12234526319125993,0.2913405495002815,34
Pareto Front Solution 35,1.9717134113353675e-10,5.711416046241531e-07,0.8060208084574496,0.8825606343973299,35
Pareto Front Solution 36,0.0032913684959004898,0.2753092880289286,0.0021413987996950854,0.013212679983304942,36
Pareto Front Solution 37,2.37602147612476e-09,1.7489068454815785e-05,0.20154542396701408,0.39019109477968655,37
Pareto Front Solution 38,0.0022128215593996666,0.19747136093093026,0.0030812469456587698,0.01139035732197344,38
Pareto Front Solution 39,0.1525184311588036,0.9494643977497784,5.2343295187235836e-06,0.0015182821968327527,39
Pareto Front Solution 40,0.0804561633550777,0.9081566015042721,1.752770552177998e-05,0.002729874535248928,40
Pareto Front Solution 41,0.0021040056416990016,0.1886231732192165,0.0031922451308431894,0.01098984613115124,41
Pareto Front Solution 42,0.0029699558916289922,0.2538286878241088,0.0023433948873477365,0.01283752251600994,42
Pareto Front Solution 43,4.747976786842161e-10,2.5034135692910007e-06,0.6209934763345019,0.7611572371416206,43
Pareto Front Solution 44,0.049321163027321396,0.8580109958048784,4.374536287677221e-05,0.004222991887103167,44
Pareto Front Solution 45,8.54587136434557e-10,5.839407943765198e-06,0.45591202457428276,0.6397677964411581,45
Pareto Front Solution 46,0.015211807725415808,0.6480518325874072,0.00031691955016215366,0.009986387808998038,46
Pareto Front Solution 47,0.04628915814041662,0.8500445448711027,4.930773081993411e-05,0.00446863414312219,47
Pareto Front Solution 48,1.087146534293847e-10,1.900687020239866e-07,0.8940657420298661,0.9362735935115538,48
Pareto Front Solution 49,0.013564810090898502,0.6210708830610742,0.00037839452597655777,0.0106717929455343,49
Pareto Front Solution 50,1.6445955677136844e-09,1.2504296836759734e-05,0.2822840912991348,0.4828174339435682,50
Pareto Front Solution 51,1.1176496990083739e-09,8.181067245813073e-06,0.38024902124621923,0.5764493523322209,51
Pareto Front Solution 52,1.0928367537770009e-09,7.963845875074633e-06,0.3864700138169468,0.5819035659857026,52
Pareto Front Solution 53,4.842110089774116e-11,4.028099987944276e-08,0.9514818819988599,0.9712864595248667,53
Pareto Front Solution 54,0.00195682398406627,0.17632513378230671,0.0033854859044134284,0.01042901218487475,54
Pareto Front Solution 55,1.7509903304514155e-10,4.613711562430924e-07,0.8246361064632072,0.8939220469973502,55
Pareto Front Solution 56,1.083938914544657e-10,1.9035343198114906e-07,0.8876575109576307,0.9323489578030749,56
Pareto Front Solution 57,4.991540848612078e-09,2.8438407355967515e-05,0.09657011527947952,0.2529753309052144,57
Pareto Front Solution 58,0.014905322268783867,0.6433271615805067,0.00032689312329175,0.010103360724799832,58
Pareto Front Solution 59,0.02254608232987014,0.7328252649397604,0.00017049540839077955,0.0077875488223972935,59
Pareto Front Solution 60,2.1794719590083723e-09,1.626041952615343e-05,0.21959929343150444,0.41250058089115743,60
Pareto Front Solution 61,0.13158409634563623,0.9418627148832639,6.960610180911727e-06,0.0017459196214608431,61
Pareto Front Solution 62,0.006995358741225479,0.45479016050090365,0.0009338499372627885,0.013750934728404758,62
Pareto Front Solution 63,0.10341599882899159,0.9271275790046786,1.1003310650301554e-05,0.0021816935388004693,63
Pareto Front Solution 64,8.142148877538333e-10,5.474367662754688e-06,0.47390447629740595,0.6540660055775835,64
Pareto Front Solution 65,2.63207623387889e-10,9.485176583034728e-07,0.7571564208967614,0.8521336784848723,65
Pareto Front Solution 66,1.8359146595837637e-09,1.3922018868701313e-05,0.25550708033760117,0.4541155697044367,66
Pareto Front Solution 67,1.520102938126162e-09,1.1537676434586063e-05,0.300887175264021,0.501904006263941,67
Pareto Front Solution 68,0.01065631756704127,0.561853384362423,0.0005353550289512256,0.011984299727739869,68
Pareto Front Solution 69,1.6820228886740436e-11,4.3167058288919915e-09,0.9882121846006761,0.9930903382222709,69
Pareto Front Solution 70,1.691490592718782e-10,4.333714115656338e-07,0.8298424113724027,0.8970773360145137,70
Pareto Front Solution 71,1.2471177900675409e-10,2.4731540568441657e-07,0.8730198712265864,0.9232046224893034,71
Pareto Front Solution 72,2.1123793161883314e-10,6.454008822321468e-07,0.7978322750011588,0.8776027847065505,72
Pareto Front Solution 73,2.33407531437299e-09,1.7233806784688833e-05,0.20477828739003964,0.39432109593777864,73
Pareto Front Solution 74,1.9285510903715947e-10,5.489698929398476e-07,0.8096194107396775,0.8847678756979038,74
Pareto Front Solution 75,2.997831312511233e-09,2.09015932393083e-05,0.1601683819585884,0.3386862366721677,75
Pareto Front Solution 76,8.99949349735914e-10,6.247662715133637e-06,0.44117897722863925,0.6279181487061721,76
Pareto Front Solution 77,2.037971792467923e-10,6.058226277311138e-07,0.8005453872854363,0.8791922909890681,77
Pareto Front Solution 78,1.019229109162768e-08,3.757501590075357e-05,0.054957929504088225,0.16577074313302761,78
Pareto Front Solution 79,2.1386872982168378e-10,6.599971511293344e-07,0.7923339820164844,0.8741181084502596,79
Pareto Front Solution 80,3.077307700124442e-09,2.1291748559270233e-05,0.1560726271191137,0.3336517602590658,80
Pareto Front Solution 81,2.7975126612083174e-10,1.0535338026602621e-06,0.7417489149489026,0.8422312857907615,81
Pareto Front Solution 82,0.005098093152858012,0.37575564858084,0.0013592578465376692,0.014224614348890828,82
Pareto Front Solution 83,3.461038665493793e-09,2.304877701112353e-05,0.13889731040413483,0.31299506065657107,83
Pareto Front Solution 84,1.66456483612522e-10,4.20896623205847e-07,0.8329573294897473,0.898979848462155,84
Pareto Front Solution 85,1.0820100872593013e-08,3.8232990451134183e-05,0.052561434176335756,0.15921027843329352,85
Pareto Front Solution 86,0.0066644241466401076,0.4424858385386348,0.0009929022220655755,0.013893968601266727,86
Pareto Front Solution 87,0.002447404615394025,0.2158706139889595,0.0028139014984688536,0.01199311220594349,87
Pareto Front Solution 88,2.8961685454617756e-09,2.0388158245626897e-05,0.16598537374900257,0.3463215851544053,88
Pareto Front Solution 89,1.989920779414981e-09,1.5004107191670984e-05,0.23574992789371627,0.4319165137255932,89
Pareto Front Solution 90,1.885679266513886e-11,6.312303794442851e-09,0.9808734879481048,0.9887729195392084,90
Pareto Front Solution 91,1.3905524787611628e-09,1.0493443184758136e-05,0.3247893814693061,0.5253983411652503,91
Pareto Front Solution 92,0.0038137883747754835,0.30762259848927953,0.0018556350592032632,0.013675489444638613,92
Pareto Front Solution 93,6.291975334796723e-10,3.821426107722467e-06,0.5449126582336739,0.7073754202528197,93
Pareto Front Solution 94,8.6679436121519e-10,5.949349059459356e-06,0.4518689331769865,0.6365370291068577,94
Pareto Front Solution 95,2.1701283428306982e-10,6.772605303459061e-07,0.7897977228019621,0.872545272145757,95
Pareto Front Solution 96,4.782638940931644e-10,2.5320846066684447e-06,0.6164694552144632,0.7579340081590451,96
Pareto Front Solution 97,2.7380678709383703e-09,1.9558568649125436e-05,0.17386104738349037,0.356521748950365,97
Pareto Front Solution 98,0.03217254753254584,0.7970987263392653,9.356022293157591e-05,0.005990471273017669,98
Pareto Front Solution 99,4.020496728788644e-09,2.52835188836951e-05,0.11891863780595895,0.2866004036561723,99
Pareto Front Solution 100,1.0367104661862431e-09,7.469058710880756e-06,0.4011820364112525,0.594612091674368,100
Pareto Front Solution 101,2.3307663523825685e-10,7.668135226660602e-07,0.7839698617301015,0.8690896005945,101
Pareto Front Solution 102,4.947039193286096e-10,2.667784542565102e-06,0.6078437484751036,0.7518110682294641,102
Pareto Front Solution 103,9.209527479457639e-07,0.00015187219996332758,0.01642405270178364,0.026335556995783688,103
Pareto Front Solution 104,3.2878366734511666e-09,2.228226177051636e-05,0.1456065328904675,0.32121547022201624,104
Pareto Front Solution 105,9.669501188228024e-10,6.847801961766933e-06,0.4231072176421206,0.6131204751792575,105
Pareto Front Solution 106,9.890715751692373e-10,7.045237153510834e-06,0.4166822177775594,0.6077591752717234,106
Pareto Front Solution 107,1.5704114032231777e-09,1.1933856090278288e-05,0.2907343027698153,0.4916686466643748,107
Pareto Front Solution 108,1.9389676198932016e-09,1.4651670335563485e-05,0.24258104058797256,0.4396621174406886,108
Pareto Front Solution 109,1.6178324052394996e-09,1.2299365431752673e-05,0.28630077222343564,0.48699171460501517,109
Pareto Front Solution 110,4.3140633902487306e-10,2.1534367540527584e-06,0.6465272822488907,0.7789805306991834,110
Pareto Front Solution 111,3.4686538203082576e-11,2.093528756951784e-08,0.9654421815982507,0.9796269342548047,111
Pareto Front Solution 112,3.5751351260492664e-10,1.5900387503322728e-06,0.6883264710291139,0.8072862789523519,112
Pareto Front Solution 113,2.5163504389277276e-09,1.8317581766532844e-05,0.19139852643628488,0.37788347722411836,113
Pareto Front Solution 114,7.478444831682161e-09,3.3897425977442296e-05,0.06857400221299857,0.19991257919136293,114
Pareto Front Solution 115,0.0008419480986007854,0.0701657980437037,0.005982867928257743,0.006896351443619181,115
Pareto Front Solution 116,5.582435227838357e-10,3.204591946128759e-06,0.5755426591704378,0.7291442004470016,116
Pareto Front Solution 117,0.009027032525324013,0.5198749156298783,0.0006720084168635182,0.012792494431747427,117
Pareto Front Solution 118,0.013011589631684075,0.6110626046545485,0.00040180524886497705,0.010897939372049144,118
Pareto Front Solution 119,9.548073777976869e-10,6.7392180699629325e-06,0.4267036738190121,0.6161020258386635,119
Pareto Front Solution 120,6.311920328398894e-11,6.803742502322143e-08,0.9307931928645702,0.9588347851388505,120
Pareto Front Solution 121,1.269678122526125e-10,2.5584056915721524e-07,0.8692641937353769,0.9208631031287833,121
Pareto Front Solution 122,1.8469740666037679e-09,1.4002614495910101e-05,0.25228531183092423,0.4506690722108044,122
Pareto Front Solution 123,4.3748598590475716e-07,0.0001105492907171453,0.01849424030942466,0.03584625222012572,123
Pareto Front Solution 124,6.319718132970992e-09,3.170828587391755e-05,0.07849945119994639,0.2207077378870745,124
Pareto Front Solution 125,9.706947954954819e-10,6.881697150892812e-06,0.4200507081939321,0.6105462447762899,125
Pareto Front Solution 126,0.00920736785015944,0.5249271770047075,0.0006496380996116541,0.012647412980922125,126
Pareto Front Solution 127,3.4918814619106907e-10,1.529459052137324e-06,0.6943153154022024,0.8112836545660272,127
Pareto Front Solution 128,8.167169547699609e-10,5.49818492420343e-06,0.46883851982797414,0.6499937768729493,128
Pareto Front Solution 129,1.9034500520764606e-11,5.673814446259845e-09,0.985968206445267,0.9917698986121536,129
Pareto Front Solution 130,0.004199508384532698,0.3296335306899215,0.0016797699167246931,0.013979769208650756,130
Pareto Front Solution 131,6.509493884786685e-07,0.00013023427094391605,0.01729637331374082,0.03098408284175076,131
Pareto Front Solution 132,2.677950138664554e-10,9.771900832855715e-07,0.7537237633739958,0.8499517695702531,132
Pareto Front Solution 133,1.397624331639393e-09,1.0552984243317209e-05,0.3202330414517604,0.5210549005327844,133
Pareto Front Solution 134,2.4657954206493585e-10,8.47326430256266e-07,0.7671849839432788,0.8584178701726153,134
Pareto Front Solution 135,1.2647756786879346e-09,9.446622025615901e-06,0.3480301114136918,0.547364612315362,135
Pareto Front Solution 136,6.211089212522523e-10,3.7501159208491485e-06,0.5492050264622602,0.7105011673943442,136
Pareto Front Solution 137,3.174785245399889e-10,1.3053643997481854e-06,0.7150400458634842,0.8249325180838427,137
Pareto Front Solution 138,3.7770787908902604e-10,1.73932396815291e-06,0.6783093799375589,0.8006241174471925,138
Pareto Front Solution 139,2.9089507777064413e-10,1.126108980962603e-06,0.7336975680676641,0.8370516613191716,139
Pareto Front Solution 140,2.377059896146376e-10,7.948776194244014e-07,0.7734197783268274,0.8623241758981391,140
Pareto Front Solution 141,1.8425929480964594e-08,4.348050793528003e-05,0.040734829438504684,0.11930474123327248,141
Pareto Front Solution 142,1.4766179787119526e-10,3.3819547013510994e-07,0.8488674284133831,0.9085150031249368,142
Pareto Front Solution 143,1.184791545310119e-08,3.919961613701718e-05,0.05012805584838668,0.1512482578755745,143
Pareto Front Solution 144,2.3102311742633913e-11,9.55404361194191e-09,0.973967575967381,0.9846947492725054,144
Pareto Front Solution 145,0.031133015772838418,0.7916723340167923,9.875989470847718e-05,0.006135662968918019,145
Pareto Front Solution 146,1.1498112278938336e-09,8.460778139475163e-06,0.3732930367426592,0.5702941903662762,146
Pareto Front Solution 147,3.271082300077882e-10,1.3719164724518948e-06,0.7118781383040172,0.8229288733898812,147
Pareto Front Solution 148,7.058360026848166e-10,4.501860768293141e-06,0.5103318432612549,0.6818230454600455,148
Pareto Front Solution 149,1.344418748843598e-09,1.0113373325491573e-05,0.3327773031644758,0.533052955616784,149
Pareto Front Solution 150,4.891704573290791e-09,2.814714767112242e-05,0.09941581950596881,0.2574853292523743,150
Pareto Front Solution 151,5.639228536388484e-10,3.253388110446523e-06,0.5727899880573772,0.7272066939011281,151
Pareto Front Solution 152,9.214128730091103e-10,6.439480756400521e-06,0.43765905142243783,0.6251156376008068,152
Pareto Front Solution 153,3.2306496829324016e-09,2.2017946533883868e-05,0.1491323240106485,0.3255318143960091,153
Pareto Front Solution 154,0.0031088635096697824,0.26326929112685976,0.0022614106742927095,0.01304927795831742,154
Pareto Front Solution 155,3.9488558303982653e-10,1.8695334399308745e-06,0.6661370774678516,0.7923725903572785,155
Pareto Front Solution 156,0.0036748057889490894,0.299326548525966,0.0019072995022250652,0.013477435351005014,156
Pareto Front Solution 157,0.004320725668705797,0.336257403133954,0.0016300539461049101,0.0140462640432401,157
Pareto Front Solution 158,7.148890130317764e-09,3.33258570073268e-05,0.07045050292664856,0.2043390309270858,158
Pareto Front Solution 159,0.008687285951307393,0.5100904511957561,0.0007052261725959939,0.012940359444505976,159
Pareto Front Solution 160,1.7213801475822765e-09,1.3081779686514813e-05,0.27228874073035714,0.4722271758048301,160
Pareto Front Solution 161,1.9483240124919436e-11,6.824177009740731e-09,0.9780258571682594,0.9870945969647145,161
Pareto Front Solution 162,0.015838053771432204,0.6573117370669276,0.000299310505629842,0.009781638239510303,162
Pareto Front Solution 163,2.1883533984955235e-09,1.632024785475798e-05,0.21621524867353936,0.4086794722704068,163
Pareto Front Solution 164,0.41879603462247644,0.981044208614124,7.190918166355983e-07,0.0005682130059067792,164
Pareto Front Solution 165,4.485225407178952e-08,5.197296775737578e-05,0.031054686587099135,0.07747884861681825,165
Pareto Front Solution 166,6.83426007760608e-10,4.300395342714289e-06,0.524679208709593,0.6926698960285318,166
Pareto Front Solution 167,3.677302090935268e-10,1.664962219827907e-06,0.6846511512313541,0.8048803222560175,167
Pareto Front Solution 168,6.494998596682383e-10,3.999876123528297e-06,0.5376552884244458,0.7021557418834453,168
Pareto Front Solution 169,0.009448234621633229,0.5314799419822893,0.0006329562944124401,0.012593306671503357,169
Pareto Front Solution 170,4.0861866238929356e-08,5.094605297481216e-05,0.03194854300496671,0.08160927028789096,170
Pareto Front Solution 171,0.007292999542165254,0.46542460025026466,0.0008831223383245928,0.013592758402042823,171
Pareto Front Solution 172,7.291032873449348e-10,4.709219406010561e-06,0.5048118741051911,0.6777809047411544,172
Pareto Front Solution 173,7.625782407340488e-10,5.01047020020439e-06,0.4894535398576181,0.6660199240963389,173
Pareto Front Solution 174,0.003198485280242616,0.2692376244270977,0.00220712995262892,0.013155554614197026,174
Pareto Front Solution 175,1.1340660953693002e-09,8.324110449994562e-06,0.3765308021027102,0.573166983984153,175
Pareto Front Solution 176,0.005459714284321992,0.3925616958262412,0.001251739426571856,0.01416991135238568,176
Pareto Front Solution 177,2.9817423911545367e-10,1.1742289767358042e-06,0.7301075141491449,0.8347657806762903,177
Pareto Front Solution 178,7.451734151005515e-10,4.854334845748972e-06,0.494951097221226,0.6701939941417296,178
Pareto Front Solution 179,1.0891878110239065e-09,7.93158297038352e-06,0.38775654828623135,0.5830282072877859,179
Pareto Front Solution 180,3.721973430699755e-10,1.6981446624769836e-06,0.6818002623505799,0.8029695737313615,180
Pareto Front Solution 181,2.2115330726346696e-08,4.5120829015732366e-05,0.03819345653465197,0.10982836070567834,181
Pareto Front Solution 182,3.784643396690197e-10,1.7452736021981034e-06,0.6749724617607825,0.7983292580980932,182
Pareto Front Solution 183,9.08761492915952e-11,1.3629861177317036e-07,0.9064015241474239,0.943923749474038,183
Pareto Front Solution 184,3.9807645881074536e-10,1.8940613415964796e-06,0.6627332883931423,0.7900356727168738,184
Pareto Front Solution 185,1.7536102966086507e-09,1.3323748104053344e-05,0.26422481904557155,0.4637660694490238,185
Pareto Front Solution 186,2.3033951719575725e-09,1.7044786747611887e-05,0.20738161323739365,0.3975917996451061,186
Pareto Front Solution 187,6.4922247542023455e-09,3.206638072705933e-05,0.07685630550861952,0.21741622569530802,187
Pareto Front Solution 188,4.516950367549312e-10,2.315826577277848e-06,0.6326666179086681,0.7693318996972093,188
Pareto Front Solution 189,1.3209102714923208e-09,9.918784630134124e-06,0.3350060902192896,0.5351960139805997,189
Pareto Front Solution 190,6.508663608038802e-10,4.012730262879565e-06,0.5340301994458416,0.6994056300461031,190
Pareto Front Solution 191,2.760713876861918e-10,1.0298244125112324e-06,0.7459456873622105,0.844952488237263,191
Pareto Front Solution 192,1.1576599442321818e-09,8.529187216531771e-06,0.370562535920338,0.5678573857080613,192
Pareto Front Solution 193,8.880289770313444e-10,6.1404675388994004e-06,0.4449742486416986,0.6309910386438826,193
Pareto Front Solution 194,8.487312356142902e-10,5.7863893807140016e-06,0.4598126137044485,0.642914491622433,194
Pareto Front Solution 195,1.7388293660951884e-09,1.321326735797711e-05,0.2681550254301242,0.46789585066260103,195
Pareto Front Solution 196,2.6963794528151723e-09,1.9331649777047643e-05,0.17688174061700315,0.36028913035608856,196
Pareto Front Solution 197,4.068610762323439e-10,1.9615692918331654e-06,0.659835628180471,0.7880970874295157,197
Pareto Front Solution 198,1.6745868309338487e-09,1.2732464537421653e-05,0.2771388349830069,0.4774562450152533,198
Pareto Front Solution 199,1.3130253950404465e-10,2.722450528009049e-07,0.8657064886838602,0.9186210055708246,199
Pareto Front Solution 200,0.009826467257860414,0.5414298177287719,0.0006028806513600015,0.012439646055435637,200
Pareto Front Solution 201,0.020491359391397852,0.71347931888149,0.00019949604808011017,0.008318698613416095,201
Pareto Front Solution 202,9.712796926295716e-11,1.5490336827870386e-07,0.8964066763249187,0.9377883368225622,202
Pareto Front Solution 203,0.04029415261732811,0.8313445993326195,6.282159300955504e-05,0.004995774915215196,203
Pareto Front Solution 204,1.0484073971299312e-07,6.52772256241416e-05,0.025344120055062716,0.04904210546112607,204
Pareto Front Solution 205,1.8936618449285914e-10,5.312097001079453e-07,0.8141920479940907,0.8876075897261676,205
Pareto Front Solution 206,0.028583001723505103,0.7770965526086622,0.00011467495810984092,0.006559157793495482,206
Pareto Front Solution 207,1.5670487689163198e-09,1.1905996503805087e-05,0.29419930064933625,0.4951031518352889,207
Pareto Front Solution 208,5.864618558990916e-10,3.4481533636130416e-06,0.5620714760508835,0.7196144207666538,208
Pareto Front Solution 209,7.319887138339152e-10,4.736019810707934e-06,0.5000215358410595,0.6740489487131884,209
Pareto Front Solution 210,2.4638520356837065e-10,8.459134596226062e-07,0.7699579933023122,0.8602252375354685,210
Pareto Front Solution 211,5.2037565693806225e-09,2.9027159507164162e-05,0.09417539848860476,0.24885960029844975,211
Pareto Front Solution 212,3.775483391562969e-09,2.4349046348945278e-05,0.1265117148814526,0.29695003925177416,212
Pareto Front Solution 213,9.257542388836384e-10,6.4791579678743085e-06,0.4349778622742822,0.6228996760098979,213
Pareto Front Solution 214,5.27780308121559e-10,2.9450034746387012e-06,0.5906766561726656,0.739709037588756,214
Pareto Front Solution 215,5.5613982794606564e-11,5.3267372094771985e-08,0.9394249689580705,0.9640510152740274,215
Pareto Front Solution 216,1.0517413575607711e-09,7.601787645139568e-06,0.3978013446160998,0.5917213377553768,216
Pareto Front Solution 217,1.6930517981792839e-09,1.2872770030065322e-05,0.2734684229378189,0.473623359798632,217
Pareto Front Solution 218,8.298412362999301e-10,5.616448985573895e-06,0.46429169785093793,0.6464145379672406,218
Pareto Front Solution 219,4.941605036526499e-10,2.6627878586189375e-06,0.6114643611414678,0.7544207954918578,219
Pareto Front Solution 220,6.050733570759434e-10,3.6102042520499956e-06,0.5534616240700644,0.71345941269891,220
Pareto Front Solution 221,3.3848640814284983e-10,1.4525407107774949e-06,0.7023555898968507,0.816626666076476,221
Pareto Front Solution 222,0.009604894615550546,0.5356536536787426,0.0006189646969480162,0.012514954535681449,222
Pareto Front Solution 223,4.0974243840555304e-11,2.938837117102092e-08,0.9555868054633098,0.9737560916998884,223
Pareto Front Solution 224,3.5581611065944737e-10,1.5774612181364226e-06,0.6918557238193684,0.8096815080722837,224
Pareto Front Solution 225,3.619353690592074e-09,2.3718596586207592e-05,0.13201510359580998,0.30418420240997407,225
Pareto Front Solution 226,0.05179076908013965,0.8639186033802385,3.9670336960340365e-05,0.004028758544139179,226
Pareto Front Solution 227,1.3226049782747766e-10,2.760310181196709e-07,0.8629288879493415,0.9168896826051776,227
Pareto Front Solution 228,2.2361225764886988e-09,1.662525355838988e-05,0.2114201978754252,0.4028476195545997,228
Pareto Front Solution 229,0.004715619326076823,0.3569335907635401,0.001479497193292551,0.014164431607003638,229
Pareto Front Solution 230,9.45027006199471e-10,6.651660101732953e-06,0.42963717124897444,0.6185237812817527,230
Pareto Front Solution 231,9.694624194450407e-11,1.540765227533747e-07,0.9003840254237796,0.9402176033196163,231
Pareto Front Solution 232,3.906514184154765e-10,1.8371919075331009e-06,0.6693646592090239,0.7945714880960221,232
Pareto Front Solution 233,9.925121746619162e-10,7.076440731458279e-06,0.41343220036983586,0.6049992913640406,233
Pareto Front Solution 234,0.024585718787775917,0.7496128080672264,0.00014746897454492492,0.007317891655728955,234
Pareto Front Solution 235,3.853242335484025e-09,2.4650876575104745e-05,0.1250990237122641,0.2950950009363715,235
Pareto Front Solution 236,0.04221103124124474,0.8378225672337003,5.798051985511961e-05,0.004815394701754142,236
Pareto Front Solution 237,9.477823575486341e-11,1.476164150151388e-07,0.9025260452361097,0.9415383380059237,237
Pareto Front Solution 238,9.290363763312732e-10,6.5088662582636465e-06,0.4321376760363263,0.6205390486597607,238
Pareto Front Solution 239,7.533336002887711e-10,4.927366626787502e-06,0.49393864152487854,0.6694804843586463,239
Pareto Front Solution 240,1.4518941328148088e-09,1.099364900454095e-05,0.31175164938172084,0.5127375463819908,240
Pareto Front Solution 241,1.4545850717870511e-09,1.1015594303352431e-05,0.30996383482428724,0.5110065390843586,241
Pareto Front Solution 242,2.6387187390132185e-09,1.9013309707205556e-05,0.18158577387148242,0.36606523636643523,242
Pareto Front Solution 243,6.099146895716484e-09,3.1230552094580086e-05,0.08085192271272575,0.22527269609027206,243
Pareto Front Solution 244,7.145588801607478e-10,4.579874038009893e-06,0.5068549818761408,0.6792110092851351,244
Pareto Front Solution 245,1.3501665405154714e-09,1.0162133702697922e-05,0.32923856295770776,0.5297178517731803,245
Pareto Front Solution 246,1.5441694563818977e-09,1.172817611723525e-05,0.2957800580109251,0.496782609914003,246
Pareto Front Solution 247,1.0673587266576744e-09,7.73886071813839e-06,0.3957434877004708,0.5899693260350689,247
Pareto Front Solution 248,1.024610401040129e-09,7.361814635857165e-06,0.40447552775010626,0.597421683619879,248
Pareto Front Solution 249,0.003883710979538605,0.3117187785296697,0.0018283159823991135,0.013772439313765284,249
Pareto Front Solution 250,0.008422577665901402,0.5021920493461279,0.0007414378697530187,0.013141768025350269,250
Pareto Front Solution 251,6.552830855706123e-10,4.051893792984697e-06,0.5316971984446818,0.6976817464664641,251
Pareto Front Solution 252,6.648384096656153e-09,3.238130833931057e-05,0.07495723905639937,0.21372204489192706,252
Pareto Front Solution 253,0.00817333732060884,0.4945143952072983,0.0007661867176856958,0.013214365367804556,253
Pareto Front Solution 254,8.610800660391219e-09,3.562578851005476e-05,0.06212083470721439,0.1844144835919164,254
Pareto Front Solution 255,3.855812652549719e-10,1.7987479707877563e-06,0.6719974205769668,0.7963450132793842,255
Pareto Front Solution 256,6.9928634870569425e-09,3.304137527132022e-05,0.07202706794240485,0.2075766515477899,256
Pareto Front Solution 257,6.00661999508769e-10,3.5715476468476156e-06,0.5574401614480216,0.7163789664611329,257
Pareto Front Solution 258,5.719218637459518e-10,3.322311383620398e-06,0.5689487120576637,0.7244946095508037,258
Pareto Front Solution 259,2.614841985425744e-10,9.369315262468413e-07,0.7619908609097925,0.8552791937887462,259
Pareto Front Solution 260,0.003420679496550306,0.2836054105811406,0.002063236694589687,0.013304645552566377,260
Pareto Front Solution 261,3.0897720736231012e-09,2.135351646441911e-05,0.15431885750222898,0.33151247863442657,261
Pareto Front Solution 262,1.3201760793612846e-09,9.911280137270705e-06,0.3381433277902945,0.5381203915117194,262
Pareto Front Solution 263,3.4306487121656513e-09,2.2916534455085415e-05,0.14050160167724957,0.3150212214569125,263
Pareto Front Solution 264,2.2688632277085787e-09,1.683108578610329e-05,0.20940800775464677,0.40024377371993985,264
Pareto Front Solution 265,2.6837166797599773e-10,9.81092471118834e-07,0.7501156913064545,0.8475825680227113,265
Pareto Front Solution 266,0.0009013973463667454,0.0763289373599448,0.0057731414167862165,0.006940637919803183,266
Pareto Front Solution 267,2.2352368741126266e-10,7.135282469922759e-07,0.7845861053563288,0.8693049973964018,267
Pareto Front Solution 268,0.06172769780899438,0.8833702990179724,2.9028371322243092e-05,0.0034798204345475427,268
Pareto Front Solution 269,0.016284158412996567,0.6636257287082545,0.00028814022762508695,0.009648801380112433,269
Pareto Front Solution 270,4.404636654488188e-10,2.225913508038427e-06,0.6377768375303017,0.772874164404478,270
Pareto Front Solution 271,1.0760969451223816e-09,7.81665641342131e-06,0.3921398332872263,0.5868432359108334,271
Pareto Front Solution 272,7.701224790285398e-11,9.957593446161362e-08,0.9185067540537095,0.9513510522650679,272
Pareto Front Solution 273,1.913619091881856e-09,1.4474939970797676e-05,0.2453643767452978,0.44283147386334243,273
Pareto Front Solution 274,2.082719440349759e-09,1.562990372190627e-05,0.2266824246464192,0.42123571279538213,274
Pareto Front Solution 275,2.8325826889537244e-09,2.0059017575694022e-05,0.16938848892965092,0.35074314098032905,275
Pareto Front Solution 276,1.279452171561623e-09,9.57032972519852e-06,0.34513048628293264,0.5446726222625474,276
Pareto Front Solution 277,4.3200495061163346e-10,2.1586583491542864e-06,0.642656697823615,0.7762578014451572,277
Pareto Front Solution 278,0.002124347316887227,0.19029408441170356,0.0031720977773004397,0.011070231241112807,278
Pareto Front Solution 279,5.363899245188568e-10,3.0177915955144953e-06,0.5876188239078841,0.7376349855096694,279
Pareto Front Solution 280,1.6032419710522966e-09,1.2187159700934655e-05,0.28820175031492035,0.48896866657490057,280
Pareto Front Solution 281,3.379905063503815e-10,1.4486739963313725e-06,0.7049935003196672,0.8184105622178469,281
Pareto Front Solution 282,3.7054160019485883e-09,2.406861402225514e-05,0.1294505213412182,0.30086331349207907,282
Pareto Front Solution 283,1.0179238344508864e-09,7.302470174684464e-06,0.40631475628188163,0.598985200701225,283
Pareto Front Solution 284,1.7027730412602876e-08,4.275437876713247e-05,0.04216401561840988,0.1239037638532034,284
Pareto Front Solution 285,1.8878441995577963e-10,5.281765447970259e-07,0.8159010111452379,0.888682533190851,285
Pareto Front Solution 286,0.003630474426950109,0.2966285434293002,0.0019478452407949798,0.013512817141063352,286
Pareto Front Solution 287,3.021670843460361e-08,4.794672771799633e-05,0.03466254422253584,0.09485003947839311,287
Pareto Front Solution 288,4.111741001154793e-10,1.9950725713138116e-06,0.656561749762613,0.7858493806888112,288
Pareto Front Solution 289,1.2553347228568088e-09,9.365811124589447e-06,0.3511234249273253,0.5502153925957921,289
Pareto Front Solution 290,5.805557578418782e-10,3.3969526166579526e-06,0.5648487892673313,0.7215890725322344,290
Pareto Front Solution 291,2.5203563778410025e-09,1.8343885313315855e-05,0.18849919821953418,0.37451649823331135,291
Pareto Front Solution 292,8.80700405983832e-10,6.074407371064429e-06,0.44891023955722914,0.6341957876648469,292
Pareto Front Solution 293,2.7784192359364073e-09,1.9774647770866373e-05,0.17138141246591976,0.3533798756935092,293
Pareto Front Solution 294,0.013303747681170756,0.6164101535293117,0.0003888456803524892,0.010772443452802849,294
Pareto Front Solution 295,0.005593887111614638,0.39855379101453975,0.0012228950122823493,0.01419170001836675,295
Pareto Front Solution 296,5.286841199876014e-11,4.8308267516608135e-08,0.941563673261234,0.9653433574563954,296
Pareto Front Solution 297,7.957891180331646e-11,1.0610274372311542e-07,0.913897591824299,0.9485453109964035,297
Pareto Front Solution 298,1.544343197786843e-09,1.1726864767494135e-05,0.29895490687523474,0.49989138326578636,298
Pareto Front Solution 299,0.0045700649491686954,0.3494652548881838,0.0015307924142544183,0.014125076561012773,299
Pareto Front Solution 300,0.01108210846881854,0.5716462312763716,0.0005066204436891265,0.01177885753535259,300
Pareto Front Solution 301,1.1693827980625284e-09,8.630660023035485e-06,0.36780213009723445,0.5653861083759564,301
Pareto Front Solution 302,1.0132063869111214e-09,7.260306424163157e-06,0.4093478116928007,0.6015767172537824,302
Pareto Front Solution 303,3.119555773969232e-10,1.2674414370610088e-06,0.7188540434415469,0.827423365075202,303
Pareto Front Solution 304,3.540099563061509e-11,2.2110110615532056e-08,0.9603709730766871,0.9766163492207994,304
Pareto Front Solution 305,0.07501885878291366,0.9020978883551709,2.016726021780177e-05,0.002923791399785255,305
Pareto Front Solution 306,4.4511448965742146e-10,2.263015122038131e-06,0.6357048571855475,0.7714409010972841,306
Pareto Front Solution 307,7.455839852072669e-11,9.336794267996208e-08,0.9231012262629404,0.9541413243762853,307
Pareto Front Solution 308,5.215233195863711e-10,2.892053884314034e-06,0.5948348094702204,0.7426237713223468,308
Pareto Front Solution 309,2.7745636643229263e-11,1.3620029085860533e-08,0.9709198527378955,0.9828852197396416,309
Pareto Front Solution 310,0.001205544577676727,0.10720154967284377,0.004828650693445711,0.006977627038654011,310
Pareto Front Solution 311,7.30197735949958e-10,4.7199605951391735e-06,0.5007167920014322,0.6745758876975702,311
Pareto Front Solution 312,7.039669061686549e-10,4.484888064356004e-06,0.5132473784738217,0.6840724520774886,312
Pareto Front Solution 313,4.855972813494708e-10,2.5923093034936577e-06,0.61371215504168,0.7559935969172155,313
Pareto Front Solution 314,0.002558287999530524,0.22425929989143156,0.002702527113243187,0.012226672120731166,314
Pareto Front Solution 315,1.892032797774304e-09,1.4323206701379354e-05,0.24685714501934675,0.4445949131062616,315
Pareto Front Solution 316,0.003974295127049982,0.3169551083091139,0.0017740990033895331,0.013799252186289423,316
Pareto Front Solution 317,4.23087212316665e-10,2.0881188770587216e-06,0.6497803204541217,0.7811998849661768,317
Pareto Front Solution 318,3.057940104121532e-10,1.2255466681702401e-06,0.7231472048133187,0.8302188218668826,318
Pareto Front Solution 319,1.543975509436564e-07,7.448688414264262e-05,0.022808040820530107,0.04513738247117294,319
Pareto Front Solution 320,9.355942665588523e-09,3.6603865958482474e-05,0.05796899288733229,0.17426196185812756,320
Pareto Front Solution 321,5.79892011215178e-08,5.515806051343908e-05,0.029371853735227396,0.06726911735991976,321
Pareto Front Solution 322,5.11504659381922e-10,2.807668757483171e-06,0.6015636927123832,0.7473444207364726,322
Pareto Front Solution 323,1.5065962959026077e-08,4.160208686216886e-05,0.044460086049021685,0.13115050379729387,323
Pareto Front Solution 324,4.722369110540205e-12,2.0738476034211277e-10,0.9983596139284904,0.9990413723537939,324
Pareto Front Solution 325,4.118461043792107e-10,2.000411407171852e-06,0.6545292208995123,0.7844335643977735,325
Pareto Front Solution 326,0.0009992667758047487,0.0864012489179084,0.005419082203757459,0.006963311382358804,326
Pareto Front Solution 327,1.979890667773659e-09,1.4933819835009899e-05,0.23896017398337602,0.4354383410641103,327
Pareto Front Solution 328,6.38547140263983e-08,5.6514142938053125e-05,0.028764555097611732,0.06411991867908177,328
Pareto Front Solution 329,1.8492660024088715e-10,5.088483489151487e-07,0.8197546489923683,0.8910471090538451,329
Pareto Front Solution 330,2.513517041569078e-10,8.760592284208779e-07,0.7629107096375749,0.8557057213064634,330
Pareto Front Solution 331,2.5996500156493277e-09,1.8794694064426236e-05,0.18424714020721908,0.36932135819405193,331
Pareto Front Solution 332,4.333149750155826e-09,2.6386531585482526e-05,0.11134915179561214,0.2757786251431706,332
Pareto Front Solution 333,4.345866396701472e-10,2.1791335816315865e-06,0.6411610193461652,0.7752221695566909,333
Pareto Front Solution 334,0.03355983810100955,0.8038890943137006,8.670298613335787e-05,0.005786895704269134,334
Pareto Front Solution 335,0.0383133681464692,0.8241000482039422,6.870186304750418e-05,0.005205434250708607,335
Pareto Front Solution 336,0.0017455356425305287,0.1579770113527833,0.0037019889008976033,0.009439003686935071,336
Pareto Front Solution 337,5.5685466395847955e-09,2.9979503529195863e-05,0.08807909904646243,0.23843392744575329,337
Pareto Front Solution 338,2.0362859485929424e-09,1.5317595677891466e-05,0.2331205158594528,0.4286504434727798,338
Pareto Front Solution 339,5.583105896274243e-10,3.204284347387874e-06,0.5797240068196411,0.7322354055095365,339
Pareto Front Solution 340,7.973302109373825e-10,5.32335460518771e-06,0.4764665938471446,0.6559766358897544,340
Pareto Front Solution 341,8.257095003692387e-10,5.579088840780932e-06,0.46735613451983504,0.6488685669734667,341
Pareto Front Solution 342,0.03635612291579955,0.816318350147829,7.503680279395041e-05,0.005416057538731682,342
Pareto Front Solution 343,0.0035299255715848725,0.290442550530912,0.0019998328403383037,0.0134118303470898,343
Pareto Front Solution 344,0.017330169749608843,0.6775847645430872,0.00025903553948500757,0.009237223425063753,344
Pareto Front Solution 345,0.059713215801209175,0.8798736998653752,3.0778568631747824e-05,0.0035773323010503725,345
Pareto Front Solution 346,0.018882654490988023,0.6962592311374863,0.0002276361011411443,0.008782273237242719,346
Pareto Front Solution 347,0.03009360021654119,0.7859653738715371,0.00010538322429625398,0.00632150056462778,347
Pareto Front Solution 348,0.03810768062967299,0.823339223894271,6.914701673407128e-05,0.005217856631471658,348
Pareto Front Solution 349,4.167879474494564e-10,2.038930125248659e-06,0.651586593877829,0.7824145673160542,349
Pareto Front Solution 350,7.739269588342936e-09,3.432717077084847e-05,0.06684637083890259,0.19596162520999535,350
Pareto Front Solution 351,0.0007908081359745521,0.06485025795993486,0.006190539264468373,0.006857618442438978,351
Pareto Front Solution 352,0.0007373585661838276,0.05929121191852501,0.006422604571162848,0.006805886172858094,352
Pareto Front Solution 353,5.932295223410226e-10,3.5069588882335757e-06,0.5589159152279267,0.7173644816339014,353
Pareto Front Solution 354,0.01983820539142053,0.7067289766753982,0.0002102008808547574,0.008500078970550563,354
Pareto Front Solution 355,0.05569307411112868,0.8722889640219179,3.4734642224775594e-05,0.0037841508099696166,355
Pareto Front Solution 356,0.33238709788436854,0.9762226526502581,1.1362390117559462e-06,0.0007132575985564762,356
Pareto Front Solution 357,0.0057109774230709775,0.4036980768830192,0.0011952165356699514,0.014181156143094297,357
Pareto Front Solution 358,7.14396985512747e-08,5.8227752351669906e-05,0.027848487147395892,0.060410391900944674,358
Pareto Front Solution 359,1.95459114666681e-09,1.4760798503101749e-05,0.23965479568060774,0.4364131004062541,359
Pareto Front Solution 360,1.2506301186288784e-09,9.325592042853581e-06,0.35269881646973056,0.5516623908947147,360
Pareto Front Solution 361,0.00999784106588634,0.5458038621541689,0.0005858842719161146,0.012319162626171283,361
Pareto Front Solution 362,8.296361722537948e-11,1.1487007643198625e-07,0.9104204011676275,0.9464158286895886,362
Pareto Front Solution 363,0.05736770286882187,0.8755501164754782,3.334961946277285e-05,0.003718497918884084,363
Pareto Front Solution 364,3.1550564958528595e-09,2.166556807915822e-05,0.1517935777417433,0.32861318787476423,364
Pareto Front Solution 365,2.844854858517252e-07,9.348046093754056e-05,0.01991161011458068,0.04022197874903883,365
Pareto Front Solution 366,0.0022988159050975694,0.20432166292311413,0.002969389671556732,0.011611117484458216,366
Pareto Front Solution 367,0.008374209560246777,0.5007188842643815,0.0007422744862008923,0.013116353262910498,367
Pareto Front Solution 368,0.034485350180154126,0.8081796649724954,8.268144388705281e-05,0.005663906029055664,368
Pareto Front Solution 369,1.792176872207261e-10,4.811613348272168e-07,0.8211559803316689,0.8918094887700362,369
Pareto Front Solution 370,2.7290787739765655e-08,4.700734689221248e-05,0.03592504141629081,0.09991143663238146,370
Pareto Front Solution 371,2.4526233435247217e-08,4.6044978413641096e-05,0.036905371906624046,0.10466939534636811,371
Pareto Front Solution 372,2.999994187322257e-10,1.1865540695450318e-06,0.7272218223472147,0.8328638947156424,372
Pareto Front Solution 373,5.539058973540475e-10,3.166522348390867e-06,0.5818890775912587,0.7337512905358332,373
Pareto Front Solution 374,1.6556829512059825e-09,1.2589741623906628e-05,0.2793702749078512,0.4798260767734265,374
Pareto Front Solution 375,0.005772049703214357,0.40634467012380854,0.0011804790430380906,0.014169280303797894,375
Pareto Front Solution 376,2.848728995374319e-10,1.0866923417891988e-06,0.7380313016378297,0.8398433547064207,376
Pareto Front Solution 377,3.9961174661972e-11,2.7665609843166227e-08,0.9600058737676777,0.9763868668077941,377
Pareto Front Solution 378,1.26770807630794e-08,3.989717543220954e-05,0.04840186065573014,0.14539560457914744,378
Pareto Front Solution 379,4.550109822096391e-10,2.342686417497213e-06,0.6295214718319732,0.7671185432163898,379
Pareto Front Solution 380,1.2234915106145466e-09,9.095639328385041e-06,0.3557849024162402,0.5545044681631418,380
Pareto Front Solution 381,2.062801858316468e-09,1.5496170820015765e-05,0.22971271505090102,0.4247171489736667,381
Pareto Front Solution 382,0.0009281995628438824,0.07909657145826854,0.005660871534886597,0.006941662582445573,382
Pareto Front Solution 383,0.02177193493948502,0.7258427658297172,0.00018026662217592187,0.00797096740544404,383
Pareto Front Solution 384,0.004705976018221442,0.35644686584281854,0.0014851648967523258,0.014175146759996583,384
Pareto Front Solution 385,0.019343993925411185,0.7013986777421355,0.00021969697783217324,0.008661270418169774,385
Pareto Front Solution 386,1.4108546698910473e-08,4.096698925756344e-05,0.045767842068607,0.1362415669323057,386
Pareto Front Solution 387,0.6044556465986627,0.9868158410716934,3.483160064810689e-07,0.00039565619609087925,387
Pareto Front Solution 388,1.6366586615092242e-08,4.238742138878666e-05,0.04287973690762303,0.12618536390343896,388
Pareto Front Solution 389,1.2137738323003328e-09,9.012384669485643e-06,0.3591696338518947,0.5575864615245401,389
Pareto Front Solution 390,5.910808923503931e-09,3.080172553310941e-05,0.08364728779675548,0.23038262684764416,390
Pareto Front Solution 391,6.883412018622264e-10,4.344783387767504e-06,0.5212112668063696,0.6900552855443248,391
Pareto Front Solution 392,7.008159124052572e-10,4.456497670983002e-06,0.515157498358899,0.6855195365084565,392
Pareto Front Solution 393,7.762216171631074e-11,1.0117753261954005e-07,0.915880924076962,0.9497582703190706,393
Pareto Front Solution 394,0.035559923237998635,0.8129319597088169,7.835412440369012e-05,0.005527391476648354,394
Pareto Front Solution 395,7.516366275819854e-11,9.494207289855219e-08,0.9216180332502165,0.9532421468435152,395
Pareto Front Solution 396,5.748290768717759e-09,3.041949416440114e-05,0.08546043881773228,0.23377062429433854,396
Pareto Front Solution 397,2.134335134962409e-09,1.5969268769347767e-05,0.2225236391298529,0.41617812772807705,397
Pareto Front Solution 398,4.734384232460422e-10,2.491290491128557e-06,0.6248321336511251,0.7638948384395405,398
Pareto Front Solution 399,2.0439894386455464e-09,1.5369690954711996e-05,0.232040841195431,0.42741378523988593,399
Pareto Front Solution 400,9.66056232274581e-09,3.697032961503317e-05,0.05688178112803057,0.17117959336287517,400
Pareto Front Solution 401,9.801974902721399e-09,3.7137218428664086e-05,0.05593170334434915,0.16896543712989753,401
Pareto Front Solution 402,7.756166736914757e-08,5.957705403214563e-05,0.027269046224088517,0.057771550053468,402
Pareto Front Solution 403,7.333797063106615e-11,8.997825286194359e-08,0.9269851025956537,0.9564911965451857,403
Pareto Front Solution 404,4.139779281279331e-09,2.5712661277088325e-05,0.11715972444629333,0.2841436116804889,404
Pareto Front Solution 405,0.00047138291823377613,0.03217840560162966,0.007873539098449027,0.006294941072411605,405
Pareto Front Solution 406,5.022951380510494e-10,2.7308883927444393e-06,0.6043259839102982,0.7493043320524103,406
Pareto Front Solution 407,2.45344639877823e-09,1.795240212614806e-05,0.1943340315033811,0.3814197749488526,407
Pareto Front Solution 408,2.11115331045811e-09,1.58175674630281e-05,0.22417054346607906,0.4182147389598178,408
Pareto Front Solution 409,2.425747307282897e-09,1.7787607113888182e-05,0.1973455631915739,0.3849250890909499,409
Pareto Front Solution 410,6.158750652423934e-10,3.7042116227358553e-06,0.5515670975957835,0.7122029817611223,410
Pareto Front Solution 411,7.95084339449441e-10,5.303027792054451e-06,0.47851215333181785,0.6575990690685978,411
Pareto Front Solution 412,5.0834808487281627e-08,5.345433547020936e-05,0.030200304647687845,0.07245366376817093,412
Pareto Front Solution 413,5.97912272706772e-11,6.127236088129844e-08,0.9350301915910324,0.9613965959377105,413
Pareto Front Solution 414,0.002308288115439502,0.20506706463686863,0.0029543419787311296,0.011626918665008657,414
Pareto Front Solution 415,8.868958728712236e-10,6.130152892821132e-06,0.4469068116034165,0.6325825277547229,415
Pareto Front Solution 416,0.018460373859162202,0.6914062353805008,0.00023347415768646359,0.008855071444623304,416
Pareto Front Solution 417,2.8923355614735065e-10,1.1150288970663816e-06,0.7370605383491402,0.8392650416863775,417
Pareto Front Solution 418,4.8092256099475386e-09,2.7902705271455266e-05,0.10091191572843015,0.2598777576734157,418
Pareto Front Solution 419,3.1158132780614036e-10,1.2648053475443222e-06,0.7202890717124504,0.8283824702104591,419
Pareto Front Solution 420,5.270561782516404e-10,2.938607138510316e-06,0.5935484523480935,0.7417933297193385,420
Pareto Front Solution 421,5.883117836787817e-11,5.9403675783421626e-08,0.9352750546122877,0.9615478990393637,421
Pareto Front Solution 422,2.5494877239049855e-09,1.8510602057157774e-05,0.1873060575220039,0.3730468387097676,422
Pareto Front Solution 423,0.0003618853140545233,0.021832407949472565,0.008668510019422922,0.005883833114793445,423
Pareto Front Solution 424,1.204618759705175e-09,8.934163130076716e-06,0.35970846591517824,0.5580801126779684,424
Pareto Front Solution 425,0.00709729457428271,0.45847245120878366,0.0009171872629072898,0.013708390958091359,425
Pareto Front Solution 426,5.796430356712584e-10,3.3888940559936785e-06,0.5672715568524964,0.723379401807438,426
Pareto Front Solution 427,0.0233276828140445,0.7395250351272092,0.00016135809522609457,0.007608534135372501,427
Pareto Front Solution 428,1.134156741945416e-09,8.323980806285118e-06,0.3789567321703772,0.5753216691689423,428
Pareto Front Solution 429,2.973017553164891e-09,2.0777466253258805e-05,0.16193241555913426,0.34098605768584195,429
Pareto Front Solution 430,0.0019427824596594456,0.1751314738472958,0.0034050053390585642,0.010370404470605511,430
Pareto Front Solution 431,0.00440274417247112,0.3406586674520026,0.001593391981413532,0.014062480553884062,431
Pareto Front Solution 432,0.09682553711366945,0.9225237016153316,1.2458371592031786e-05,0.0023172785568346716,432
Pareto Front Solution 433,0.00785338223130708,0.4843114517213004,0.0008080897049490287,0.01337992102007015,433
Pareto Front Solution 434,3.3490884266650178e-09,2.2558112275213144e-05,0.14306481523505285,0.3181266678759133,434
Pareto Front Solution 435,0.008788925971694079,0.5130601306999711,0.0006964034109482806,0.012911253178176957,435
Pareto Front Solution 436,2.6585972710543413e-09,1.9124179416951645e-05,0.17992939260474533,0.364040905367049,436
Pareto Front Solution 437,2.226112439562092e-09,1.656052313125729e-05,0.21387481234868302,0.4056833616931333,437
Pareto Front Solution 438,3.490629324652193e-10,1.5277572730228355e-06,0.6989122827885806,0.8144157752697693,438
Pareto Front Solution 439,8.485916429352831e-08,6.115309921348983e-05,0.026383073627375273,0.05454604473620428,439
Pareto Front Solution 440,0.001129769408697074,0.0996387147923365,0.005054409777273293,0.007000352900801686,440
Pareto Front Solution 441,0.0012503395568886464,0.11162446033952596,0.00471347934282489,0.006975518063109168,441
Pareto Front Solution 442,2.7110582742683663e-10,9.983398913509338e-07,0.7480918546803584,0.8462910403242159,442
Pareto Front Solution 443,2.6805324588465726e-09,1.924497573860028e-05,0.17848930362176516,0.3622568594578499,443
Pareto Front Solution 444,2.588166603517005e-09,1.872969805089011e-05,0.18533728968580393,0.3706332677963614,444
Pareto Front Solution 445,1.0698791554338239e-09,7.761900585984248e-06,0.39269772328018343,0.5873179987812804,445
Pareto Front Solution 446,0.029486271554004188,0.7824853088234619,0.00010860872067189464,0.006402338701089437,446
Pareto Front Solution 447,3.0464669064229946e-10,1.2176950417630913e-06,0.725416983614874,0.8317233328475843,447
Pareto Front Solution 448,6.323717990877864e-10,3.849616714862599e-06,0.5419492926653778,0.7051735459261096,448
Pareto Front Solution 449,0.044258539482274886,0.8442181798177211,5.2951815924424685e-05,0.004613300497798146,449
Pareto Front Solution 450,2.038623259521594e-08,4.438979350892286e-05,0.039610996733714,0.11455510423373266,450
Pareto Front Solution 451,0.004028726914422519,0.3200654256860155,0.0017521130516289969,0.013854761279915282,451
Pareto Front Solution 452,1.8400177291316738e-09,1.3951970757732077e-05,0.2550660742226894,0.4536226504796826,452
Pareto Front Solution 453,0.021106917000198264,0.7195764383551726,0.00018904222116042612,0.008126108517271025,453
Pareto Front Solution 454,0.0410781786839149,0.8340585632730985,6.055016376976696e-05,0.004909866976395759,454
Pareto Front Solution 455,1.1220733754186537e-08,3.8623823728726105e-05,0.05168304992806773,0.1562076595504202,455
Pareto Front Solution 456,4.2565508842559004e-09,2.612446336459193e-05,0.11329480646151248,0.2786140413397707,456
Pareto Front Solution 457,0.006596560252900133,0.43989116290951286,0.0010102679046906063,0.013958597878362391,457
Pareto Front Solution 458,7.766988429950257e-10,5.136819436966548e-06,0.48669804112081705,0.6639701068001164,458
Pareto Front Solution 459,0.010966103881590094,0.5690216542340266,0.0005142114493169006,0.01183448612968984,459
Pareto Front Solution 460,0.04403822309557956,0.8435278750623041,5.3592872492656524e-05,0.004641851193665901,460
Pareto Front Solution 461,0.01075789074842898,0.5642546378816656,0.0005264986449629322,0.011910167773076949,461
Pareto Front Solution 462,3.437510160114423e-10,1.4901861302131917e-06,0.6989442391690062,0.8143726397161988,462
Pareto Front Solution 463,4.7941224995652876e-11,3.916745974315379e-08,0.9537428389516057,0.9726360003337499,463
Pareto Front Solution 464,9.254815918217639e-08,6.27697469586384e-05,0.026035065963255197,0.05213483765683375,464
Pareto Front Solution 465,1.5434240245765238e-08,4.183269092758647e-05,0.04397789654323621,0.129597636950916,465
Pareto Front Solution 466,0.06516332662555371,0.8888601491964186,2.6226521857551363e-05,0.0033154563982682687,466
Pareto Front Solution 467,0.29673627308120015,0.9734243034906668,1.4182365676161828e-06,0.0007963729132295606,467
Pareto Front Solution 468,1.1509447312174144e-08,3.8893440686671706e-05,0.05105316768500237,0.1540670708145629,468
Pareto Front Solution 469,9.097402751464456e-11,1.3606808731553406e-07,0.9090882053924428,0.9455569283183823,469
Pareto Front Solution 470,8.03885362693043e-09,3.479674369122071e-05,0.0648685725076284,0.19140251343359385,470
Pareto Front Solution 471,2.4689876499991818e-09,1.8043220247007315e-05,0.19401003259185504,0.38101068904133484,471
Pareto Front Solution 472,2.9297390004740344e-09,2.0559633043519264e-05,0.16384747017367285,0.343549629307565,472
Pareto Front Solution 473,2.3826624382037606e-08,4.578516281393728e-05,0.03733893748919572,0.1062356274224355,473
Pareto Front Solution 474,0.016590253304934903,0.6678273757171893,0.00027993699430259035,0.009541171726724506,474
Pareto Front Solution 475,8.80751819574347e-09,3.589728367399083e-05,0.06059326382344161,0.1809863521841973,475
Pareto Front Solution 476,0.0005268672262151615,0.03767884313713236,0.007521886658940994,0.006447365010340948,476
Pareto Front Solution 477,0.0005731333683434457,0.042352575431872874,0.007250812265300534,0.006552574724907037,477
Pareto Front Solution 478,0.015940114684849797,0.6587750340707107,0.00029780192457316384,0.009772305486946593,478
Pareto Front Solution 479,1.305169952673461e-09,9.78655909451185e-06,0.3398087306513667,0.5397007753606708,479
Pareto Front Solution 480,1.2016970357746751e-09,8.908099605388074e-06,0.3628510069737536,0.5609246610542811,480
Pareto Front Solution 481,0.00290296679019163,0.24917288600984722,0.002411025583940924,0.012806962808631863,481
Pareto Front Solution 482,9.110341375910831e-09,3.6294417423851285e-05,0.0591795708914176,0.1773362118704299,482
Pareto Front Solution 483,0.0015045153469156985,0.13600768083596892,0.004134109156026582,0.008195449480503268,483
Pareto Front Solution 484,0.002387312845963897,0.2112413365219145,0.0028704809139944018,0.01183578123552766,484
Pareto Front Solution 485,0.0026317871133440603,0.22971715122284178,0.0026354619311994513,0.01237179272891267,485
Pareto Front Solution 486,2.4177033514661945e-09,1.7739890769870938e-05,0.19766381260461885,0.38530499238766014,486
Pareto Front Solution 487,0.0041114497237212,0.32473106640846944,0.0017127638926659073,0.013901642106607133,487
Pareto Front Solution 488,1.426756304824936e-09,1.0789362339486609e-05,0.31721567184662425,0.5180729432713763,488
Pareto Front Solution 489,6.753302377876333e-10,4.22862084218221e-06,0.5274645604510224,0.6947077052178888,489
Pareto Front Solution 490,6.798208072181349e-11,7.840392588565116e-08,0.9276255052369382,0.9569040792243237,490
Pareto Front Solution 491,1.750362629974975e-09,1.3298585607686789e-05,0.2665957449700893,0.4662176949698073,491
Pareto Front Solution 492,0.06702251612986602,0.891631178210267,2.4919281711393626e-05,0.0032357100053175695,492
Pareto Front Solution 493,0.0006016657650972276,0.04526581194326158,0.007041173016090329,0.006579928707552853,493
Pareto Front Solution 494,1.3695476821381216e-09,1.0322271508932401e-05,0.32665643873914346,0.5272288323587937,494
Pareto Front Solution 495,1.177275684606641e-09,8.69884231362208e-06,0.36596285450277527,0.5637337506235458,495
Pareto Front Solution 496,0.0006527772921991057,0.05052200513893249,0.006836194593143239,0.006701769060023282,496
Pareto Front Solution 497,4.4312712360554584e-09,2.6714552479578754e-05,0.1089623182486917,0.2722490060928132,497
Pareto Front Solution 498,0.003131415878204969,0.2647806397742962,0.002260455756178492,0.013120989539951208,498
Pareto Front Solution 499,0.0004025500173166761,0.025576929736068933,0.008355950631675239,0.006056592687682748,499
